id,date,rating,driver_id,customer_id,is_driver_late
1,2024-06-16 15:14:48,2,2,84,false
2,2023-01-15 15:31:43,5,12,6,true
3,2024-03-05 14:49:21,3,12,40,false
4,2022-07-23 14:40:52,1,5,79,false
5,2023-10-08 09:57:59,4,12,27,false
6,2022-05-26 04:44:04,1,9,35,false
7,2023-02-02 03:57:20,,3,87,false
8,2022-07-10 07:01:17,5,2,84,false
9,2022-11-10 11:39:06,4,5,40,false
10,2022-07-22 06:44:32,5,13,13,true
11,2022-07-31 00:54:30,5,4,42,false
12,2023-12-16 02:03:27,1,3,40,false
13,2024-03-05 02:07:36,3,9,1,true
14,2024-06-22 19:01:20,3,5,98,true
15,2024-02-28 15:53:43,3,6,67,true
16,2023-08-04 01:23:50,1,13,83,true
17,2022-09-22 18:29:41,3,10,90,false
18,2022-11-07 22:33:02,1,14,23,true
19,2024-05-04 16:43:09,2,3,41,true
20,2023-10-01 18:45:07,3,14,2,false
21,2023-04-29 05:26:44,,1,37,false
22,2023-10-19 01:06:58,2,14,51,false
23,2024-04-12 19:40:33,3,3,25,false
24,2022-11-07 09:57:23,2,5,80,false
25,2023-10-07 17:36:11,4,10,14,true
26,2022-05-30 19:33:16,5,1,92,false
27,2022-08-03 14:18:34,,6,21,true
28,2022-11-17 02:43:25,3,2,44,true
29,2022-05-14 22:43:51,2,3,30,true
30,2024-06-21 02:08:09,3,7,77,true
31,2022-08-24 17:09:27,4,6,28,true
32,2023-11-07 11:57:01,,5,27,true
33,2022-11-03 17:29:22,5,4,68,false
34,2023-05-26 07:22:55,4,10,22,false
35,2022-08-06 04:21:06,2,13,83,false
36,2022-08-19 14:05:35,2,4,81,false
37,2022-12-10 00:31:53,3,2,55,true
38,2024-01-03 06:00:24,,5,83,false
39,2023-07-27 21:46:02,4,3,84,false
40,2024-08-04 06:12:06,,4,52,true
41,2024-06-20 20:07:42,4,12,41,false
42,2024-07-28 18:58:23,2,2,91,true
43,2023-11-13 05:15:44,5,10,10,true
44,2024-08-18 11:37:39,3,11,89,false
45,2023-07-17 22:23:08,5,2,55,true
46,2023-12-29 23:56:03,4,6,12,true
47,2024-03-19 12:48:25,1,3,87,true
48,2024-01-07 00:40:44,5,1,9,true
49,2022-11-23 04:41:01,2,13,78,false
50,2024-04-23 11:56:28,3,4,65,true
51,2023-07-27 18:14:47,1,5,33,true
52,2022-08-08 17:24:36,5,6,44,false
53,2023-07-07 22:10:08,,12,41,false
54,2022-07-06 09:31:25,2,6,71,true
55,2023-07-20 20:00:46,5,3,11,false
56,2024-08-20 17:24:07,,7,57,true
57,2024-04-01 00:19:20,4,10,50,false
58,2024-06-14 17:39:32,,8,64,false
59,2024-06-21 18:58:09,2,14,43,false
60,2023-05-17 08:25:43,2,8,52,true
61,2023-11-10 03:07:28,5,5,12,false
62,2023-05-27 00:34:25,1,2,25,true
63,2024-03-17 01:34:38,5,11,2,true
64,2022-12-13 14:12:32,4,10,7,true
65,2022-10-03 03:15:58,5,10,89,true
66,2023-11-18 21:25:05,2,1,8,true
67,2022-08-12 07:10:57,4,6,74,true
68,2024-04-09 02:04:14,4,8,83,true
69,2022-11-16 22:10:23,4,2,19,true
70,2024-08-19 18:56:59,4,4,18,false
71,2024-01-15 05:22:59,,2,31,false
72,2024-06-29 01:31:43,2,6,28,true
73,2024-04-12 05:46:56,1,1,73,true
74,2022-09-13 08:26:24,4,14,7,false
75,2023-12-30 13:52:32,1,5,5,false
76,2024-02-06 12:29:10,1,13,9,false
77,2024-08-18 18:23:43,3,14,22,false
78,2023-04-10 16:51:28,5,2,54,true
79,2022-06-24 23:28:41,2,1,54,false
80,2023-11-29 10:24:57,,7,78,true
81,2022-10-06 00:23:40,1,4,59,true
82,2023-11-10 02:46:47,3,12,13,false
83,2023-10-24 06:25:45,4,12,12,true
84,2024-02-17 09:01:14,3,10,72,true
85,2022-07-06 15:22:42,1,7,36,false
86,2024-07-06 12:11:01,2,10,98,false
87,2022-06-18 13:17:09,,3,12,true
88,2024-01-11 05:29:48,3,4,3,true
89,2023-06-04 19:54:36,5,9,3,true
90,2022-12-07 20:59:54,2,5,87,true
91,2023-09-21 18:28:30,,14,20,false
92,2023-12-08 18:50:21,2,14,51,true
93,2024-03-25 18:58:50,4,14,77,true
94,2022-08-06 14:42:57,3,12,75,false
95,2023-08-23 03:01:03,,14,49,true
96,2023-07-19 19:15:46,2,13,35,true
97,2024-02-20 11:29:34,4,8,90,false
98,2024-07-04 15:59:47,,11,96,false
99,2024-01-17 14:21:59,5,8,13,true
100,2022-09-07 18:06:47,4,8,20,false
101,2024-02-07 11:33:25,3,13,54,false
102,2023-03-14 15:28:11,5,7,74,true
103,2024-08-14 08:35:59,,12,44,true
104,2024-05-10 09:05:49,2,4,22,true
105,2024-05-02 13:45:44,,3,23,false
106,2022-10-12 16:08:53,2,11,75,false
107,2022-06-19 17:23:55,4,5,64,false
108,2024-05-22 16:10:31,2,14,18,true
109,2023-11-04 17:31:59,4,11,4,false
110,2022-12-30 08:21:26,3,13,18,true
111,2024-05-04 14:55:14,3,5,78,false
112,2024-07-05 18:19:37,5,14,56,false
113,2024-04-03 23:06:46,5,3,68,true
114,2023-09-22 15:56:27,1,11,13,true
115,2024-04-02 17:53:57,4,8,39,true
116,2024-02-06 13:01:26,3,3,81,true
117,2023-05-21 13:42:53,5,4,9,true
118,2023-03-22 03:27:27,5,8,22,true
119,2024-05-29 03:13:02,4,5,38,false
120,2022-09-08 06:58:58,3,4,32,false
121,2022-11-30 20:19:15,2,14,32,true
122,2024-06-03 13:37:33,1,5,33,false
123,2022-09-01 16:22:58,5,11,56,false
124,2022-11-23 07:41:12,2,11,77,true
125,2023-08-14 04:11:25,1,11,39,false
126,2023-08-23 15:06:47,,6,48,false
127,2022-08-30 06:53:20,3,11,78,false
128,2024-03-01 21:36:04,3,2,21,true
129,2023-10-23 19:44:33,5,10,67,true
130,2023-04-02 04:51:54,5,14,65,true
131,2024-08-24 20:14:07,,3,34,true
132,2023-04-02 07:44:03,2,1,92,false
133,2023-07-18 00:21:44,1,2,41,true
134,2022-09-27 10:58:42,2,14,4,false
135,2024-08-27 23:02:17,2,13,67,false
136,2023-02-27 03:31:48,4,3,66,false
137,2024-02-28 04:55:50,,6,17,false
138,2022-09-13 05:41:34,5,3,45,false
139,2023-12-14 07:47:18,1,2,23,true
140,2023-04-20 03:28:36,,9,35,false
141,2022-09-29 06:29:43,5,11,27,false
142,2024-01-31 09:29:53,,10,30,false
143,2022-11-21 18:59:42,,6,37,false
144,2022-11-21 03:19:52,4,3,19,true
145,2023-03-19 02:58:46,5,9,6,false
146,2023-12-02 07:16:37,3,4,98,true
147,2022-06-29 21:11:24,3,6,1,true
148,2023-08-01 17:37:15,4,1,62,true
149,2024-01-14 08:36:28,3,13,24,false
150,2023-09-07 16:57:21,4,12,27,true
151,2022-11-22 05:25:10,2,2,62,false
152,2023-08-31 23:03:02,2,4,29,true
153,2024-03-15 08:32:02,2,3,69,false
154,2024-06-13 21:56:47,2,9,49,false
155,2022-08-19 12:25:47,5,3,66,true
156,2023-02-07 10:18:15,2,8,51,false
157,2023-06-26 09:40:17,,5,42,false
158,2024-05-02 21:40:54,4,10,66,true
159,2024-06-04 03:20:57,3,11,98,false
160,2024-05-29 13:14:09,2,6,6,false
161,2024-01-14 03:26:18,1,3,20,false
162,2022-07-08 17:19:12,5,12,33,true
163,2022-12-06 14:59:52,1,4,65,true
164,2023-01-10 19:38:08,1,8,53,false
165,2022-05-15 15:45:59,2,13,41,true
166,2024-03-01 01:50:29,1,14,80,true
167,2022-09-03 19:23:49,3,6,98,false
168,2022-11-02 18:54:42,2,9,40,true
169,2023-08-30 21:04:26,4,12,43,true
170,2024-06-13 18:56:33,2,10,85,true
171,2023-09-12 01:40:14,5,1,22,false
172,2024-06-29 13:28:37,2,5,29,true
173,2022-07-22 09:28:51,4,4,79,true
174,2024-08-05 17:11:06,,2,73,false
175,2022-11-18 21:49:52,,12,17,true
176,2022-12-01 21:12:07,3,9,88,false
177,2023-05-06 02:07:17,3,2,19,false
178,2023-01-07 04:24:16,1,2,58,true
179,2023-06-06 16:12:09,5,4,63,false
180,2022-12-11 16:33:49,1,5,45,true
181,2023-06-01 21:29:51,4,12,54,false
182,2023-03-29 18:06:25,1,5,29,true
183,2024-01-10 21:08:34,2,5,41,false
184,2024-07-14 08:14:15,2,2,17,false
185,2023-01-13 16:31:29,4,5,90,true
186,2022-06-29 07:18:01,5,14,83,true
187,2024-08-04 01:21:14,2,3,40,true
188,2024-08-10 07:52:50,2,9,66,false
189,2023-07-13 09:12:51,5,13,45,false
190,2022-09-12 05:26:56,,3,39,false
191,2023-06-20 04:22:58,2,6,89,false
192,2022-11-27 20:58:47,4,2,62,false
193,2024-02-02 06:12:32,5,4,28,true
194,2022-05-21 00:15:02,4,10,6,true
195,2024-08-12 09:27:06,5,12,97,false
196,2024-04-25 15:39:19,3,5,66,true
197,2022-08-27 17:26:46,1,7,88,false
198,2024-07-06 04:55:47,3,7,97,false
199,2024-06-23 16:24:04,4,13,10,true
200,2022-11-26 00:48:59,,4,8,false
201,2024-02-12 23:09:52,4,9,85,false
202,2024-07-11 02:48:38,5,8,51,false
203,2024-03-17 01:06:59,3,10,45,false
204,2022-12-06 17:09:52,5,14,50,true
205,2023-03-31 16:16:07,2,11,35,false
206,2023-07-06 09:53:58,1,6,33,false
207,2023-07-04 19:20:06,5,13,85,true
208,2024-06-22 07:45:24,,4,81,true
209,2022-05-13 05:01:11,2,2,73,false
210,2023-05-12 05:53:08,2,7,46,true
211,2023-01-18 21:04:58,3,9,83,true
212,2023-07-16 16:45:50,,2,55,true
213,2022-08-15 07:31:05,1,14,57,true
214,2023-05-15 05:12:47,3,2,60,true
215,2023-06-22 15:10:47,1,2,61,false
216,2023-06-05 09:45:18,,7,26,false
217,2022-12-31 18:09:18,2,4,10,true
218,2023-08-22 17:18:58,3,13,24,false
219,2022-06-03 21:12:08,2,6,96,false
220,2024-01-09 06:14:40,1,8,32,false
221,2022-10-17 17:46:12,1,6,90,true
222,2023-08-09 04:17:05,5,3,70,true
223,2023-03-19 12:18:48,5,1,22,false
224,2024-04-28 18:43:03,2,4,76,true
225,2024-03-07 14:03:19,,5,30,false
226,2024-02-02 15:38:32,1,10,56,true
227,2022-12-20 08:52:42,2,1,85,false
228,2024-06-18 02:33:48,4,5,72,false
229,2023-10-19 04:10:46,5,11,82,false
230,2022-11-27 05:19:14,1,12,96,false
231,2022-09-05 20:01:02,,6,65,true
232,2023-04-24 19:21:20,1,13,44,true
233,2023-05-28 08:14:28,3,10,14,false
234,2023-06-08 01:15:24,1,2,76,false
235,2023-06-02 03:08:51,2,5,8,true
236,2023-06-29 23:08:58,1,1,11,true
237,2022-07-15 23:42:49,1,11,84,true
238,2024-01-30 03:34:34,5,3,38,false
239,2023-03-05 21:41:41,3,14,22,true
240,2022-05-13 23:57:37,4,4,49,false
241,2022-09-01 06:43:29,4,14,45,false
242,2023-12-14 11:34:08,4,5,44,false
243,2023-07-30 21:45:55,4,7,63,false
244,2022-11-25 06:36:03,3,3,85,false
245,2022-10-15 10:24:51,4,3,93,false
246,2023-01-03 16:18:55,5,12,69,true
247,2023-04-23 18:56:29,3,4,13,true
248,2022-07-10 17:21:14,1,1,34,true
249,2023-12-13 11:42:55,,8,54,true
250,2024-08-28 10:04:40,4,3,95,true
251,2022-11-20 01:57:52,3,1,92,true
252,2022-11-01 06:52:58,5,2,70,false
253,2024-05-23 03:26:05,3,4,56,false
254,2024-06-01 13:07:25,3,9,27,true
255,2023-04-04 23:35:43,,7,17,false
256,2023-10-15 15:54:54,,11,34,false
257,2023-10-05 05:25:29,5,4,96,false
258,2024-08-11 00:51:34,4,9,74,false
259,2022-12-09 18:13:34,2,7,49,false
260,2022-05-12 02:58:05,5,4,99,false
261,2023-08-18 03:35:26,,11,9,true
262,2023-07-12 02:30:20,3,7,12,true
263,2022-07-07 19:09:30,2,10,1,false
264,2024-09-01 01:07:45,5,2,11,true
265,2024-04-10 04:30:43,2,13,3,true
266,2022-12-26 08:24:41,,3,61,false
267,2023-10-23 06:07:05,,6,55,false
268,2024-07-12 00:43:24,3,6,50,true
269,2023-05-20 03:04:06,2,12,58,false
270,2024-09-04 03:12:49,3,8,21,false
271,2023-02-22 07:24:22,4,12,1,false
272,2023-07-11 01:43:32,3,12,91,true
273,2023-10-27 07:05:09,1,6,6,false
274,2024-03-19 03:35:05,3,9,34,true
275,2022-12-24 01:35:45,3,1,80,true
276,2023-03-30 23:40:23,5,11,93,false
277,2024-07-25 23:48:41,,1,87,true
278,2024-04-16 13:29:19,5,3,100,false
279,2023-08-17 08:24:07,2,2,56,true
280,2023-02-28 10:20:56,2,14,97,false
281,2024-07-13 11:57:54,3,2,44,false
282,2023-09-18 00:37:59,1,8,57,false
283,2022-12-27 12:14:08,5,14,45,false
284,2022-12-20 03:57:50,5,6,13,false
285,2022-06-24 02:43:50,3,3,4,true
286,2023-06-05 20:39:26,2,13,72,false
287,2024-08-30 06:50:12,,12,72,false
288,2024-04-11 07:48:58,,11,52,false
289,2023-10-22 13:43:25,3,7,100,true
290,2023-01-25 04:58:45,5,6,36,false
291,2024-02-18 05:11:01,3,1,32,true
292,2022-08-01 02:31:54,4,12,23,true
293,2023-10-11 07:13:26,5,7,90,false
294,2022-11-10 12:34:50,1,8,38,true
295,2023-11-03 19:30:55,4,8,54,true
296,2023-01-19 13:29:50,2,11,74,true
297,2022-12-13 09:58:16,1,9,90,false
298,2022-09-10 23:52:01,5,13,19,false
299,2023-04-26 07:38:47,5,2,99,true
300,2022-09-24 22:40:56,,4,25,false
301,2023-11-13 17:01:02,4,8,5,false
302,2024-03-16 08:28:03,1,5,62,true
303,2023-03-25 02:01:27,5,9,47,false
304,2023-07-30 02:44:14,1,4,62,false
305,2022-12-06 14:19:32,4,11,89,true
306,2022-10-18 12:18:42,4,6,50,true
307,2023-05-14 21:43:31,4,9,49,false
308,2024-07-31 16:54:45,3,7,15,false
309,2022-11-11 01:50:06,,3,89,false
310,2024-04-24 00:49:16,1,14,77,false
311,2023-03-09 14:58:39,3,3,86,true
312,2024-06-29 05:30:03,2,2,24,false
313,2023-11-06 02:21:15,1,4,75,true
314,2022-07-28 08:18:19,4,8,92,true
315,2023-02-27 21:51:44,4,4,56,true
316,2023-06-24 23:31:45,1,3,83,true
317,2023-08-04 23:14:26,4,3,79,true
318,2023-02-06 07:18:20,1,3,58,true
319,2023-10-04 01:34:20,1,5,5,false
320,2024-01-12 01:09:26,1,9,64,false
321,2023-12-21 10:02:30,4,11,80,false
322,2022-10-15 11:30:08,4,12,1,true
323,2022-12-17 02:30:05,5,7,91,true
324,2022-11-12 04:08:52,2,4,2,true
325,2023-10-29 20:47:37,,11,54,false
326,2023-01-21 15:17:18,5,9,15,true
327,2022-07-31 11:20:22,1,12,72,false
328,2023-09-02 11:11:41,3,12,45,false
329,2022-08-27 07:54:26,4,7,48,false
330,2023-12-02 15:23:00,2,14,51,true
331,2023-06-13 07:29:06,3,12,20,false
332,2024-09-03 07:37:43,5,4,62,true
333,2022-09-09 14:05:57,5,7,5,true
334,2022-11-07 01:50:18,2,1,90,false
335,2024-08-28 05:03:00,2,11,1,true
336,2024-05-28 07:39:34,3,13,95,true
337,2023-06-23 18:23:20,3,13,86,true
338,2024-01-26 04:01:00,5,3,39,true
339,2023-05-02 22:22:15,5,6,62,false
340,2024-03-28 01:22:18,5,4,65,true
341,2022-05-16 01:42:56,,10,71,false
342,2023-06-28 16:55:36,2,12,74,true
343,2022-11-13 20:51:42,1,10,79,false
344,2023-04-28 07:19:18,5,4,9,false
345,2024-01-29 14:36:15,4,13,45,true
346,2024-09-04 12:39:47,4,3,95,false
347,2024-04-23 06:44:55,1,13,15,true
348,2022-12-08 04:17:12,4,7,1,true
349,2022-08-02 02:41:34,2,2,70,false
350,2023-07-10 15:35:51,2,8,55,false
351,2023-09-21 17:55:41,1,11,94,true
352,2023-08-08 03:43:53,,2,71,false
353,2023-07-17 10:01:23,4,6,76,true
354,2024-04-22 04:39:05,4,1,68,false
355,2022-09-15 14:54:01,1,12,67,true
356,2023-02-09 05:25:38,2,8,73,false
357,2024-03-24 07:28:08,5,4,42,true
358,2023-12-04 05:15:20,5,11,63,false
359,2023-02-21 10:52:05,4,2,41,true
360,2024-01-05 23:16:48,4,8,1,true
361,2024-02-28 10:57:14,1,9,77,true
362,2023-02-05 05:51:19,2,8,13,true
363,2022-11-16 16:13:54,,7,40,false
364,2024-04-17 20:30:33,1,4,72,true
365,2023-07-28 23:39:07,3,4,57,false
366,2022-07-08 12:07:02,3,12,48,true
367,2024-02-12 20:13:23,5,12,57,true
368,2023-01-22 07:50:39,1,2,52,true
369,2023-09-06 23:54:31,,6,57,false
370,2022-07-06 05:16:19,5,3,34,false
371,2024-06-21 20:29:58,,12,95,true
372,2022-11-01 05:06:05,2,4,46,false
373,2023-11-18 06:54:09,5,1,90,true
374,2023-08-17 23:42:40,3,13,56,false
375,2024-04-12 00:43:01,5,10,13,false
376,2024-02-12 13:12:54,,10,99,true
377,2023-10-24 18:20:51,4,1,43,true
378,2023-06-28 07:54:57,1,2,20,true
379,2022-06-23 09:37:13,2,10,18,true
380,2024-05-26 06:17:10,,6,44,false
381,2023-01-07 02:09:28,3,7,13,false
382,2023-11-25 07:49:21,3,7,89,false
383,2022-06-29 01:51:04,1,12,22,false
384,2024-04-28 15:01:55,5,7,74,false
385,2022-11-28 04:56:18,5,9,13,true
386,2022-05-18 10:16:05,3,5,89,false
387,2023-09-21 14:06:12,1,13,89,false
388,2022-08-25 20:40:40,2,14,38,false
389,2023-03-18 15:02:23,5,7,53,false
390,2023-03-01 13:20:26,2,13,35,false
391,2022-12-25 04:07:15,,10,80,false
392,2023-07-06 16:04:06,,10,83,false
393,2023-07-09 21:43:44,3,8,81,true
394,2024-01-20 20:57:10,4,10,87,true
395,2023-08-06 06:04:46,2,1,81,false
396,2022-09-09 08:25:39,5,14,56,false
397,2023-06-30 15:40:36,,8,52,true
398,2023-10-13 23:36:59,2,12,51,false
399,2023-07-09 06:01:20,4,5,94,false
400,2023-10-26 01:13:20,4,2,26,false
401,2022-10-20 11:20:16,4,6,68,true
402,2024-02-26 13:06:32,1,9,22,true
403,2022-11-16 20:38:22,1,13,25,false
404,2023-06-07 08:18:25,3,1,94,false
405,2023-12-16 13:09:28,3,5,51,true
406,2022-09-29 07:13:30,4,3,56,true
407,2024-07-27 03:43:30,1,7,30,true
408,2024-08-24 12:48:01,,4,49,true
409,2023-05-23 00:10:58,1,10,68,true
410,2024-08-26 10:10:37,1,4,15,true
411,2023-06-08 21:18:12,,4,2,false
412,2024-02-06 08:24:09,4,3,23,true
413,2022-10-16 14:38:13,2,13,38,false
414,2024-09-07 09:01:21,1,4,31,false
415,2023-03-02 16:53:28,1,7,6,false
416,2022-12-27 06:13:56,2,1,10,true
417,2023-07-12 08:10:26,2,11,66,true
418,2023-10-16 08:44:23,5,14,92,false
419,2023-06-21 08:32:21,1,13,61,false
420,2023-08-26 07:17:43,2,14,98,true
421,2024-06-16 02:07:15,5,5,12,false
422,2022-09-16 01:30:56,2,10,75,true
423,2023-01-07 01:49:54,5,8,31,false
424,2022-07-09 11:55:22,5,7,77,false
425,2023-08-09 16:36:45,4,2,62,true
426,2022-12-06 10:09:12,3,7,6,true
427,2023-01-31 12:58:18,3,5,9,true
428,2023-03-01 06:36:38,,5,89,false
429,2022-12-11 04:09:08,5,10,64,true
430,2022-07-13 10:09:48,2,7,17,true
431,2024-05-23 17:27:50,5,4,19,false
432,2022-11-24 09:46:48,,3,47,true
433,2023-06-26 02:36:09,5,13,63,false
434,2022-09-08 21:08:07,2,10,73,true
435,2022-05-20 18:50:05,,14,73,false
436,2022-09-08 19:56:07,1,10,81,true
437,2023-04-12 14:15:07,1,10,76,false
438,2022-12-18 08:50:20,3,14,68,false
439,2022-06-22 04:29:34,1,2,64,false
440,2024-04-29 11:47:14,4,12,95,false
441,2023-10-19 09:21:27,3,6,96,false
442,2024-01-07 03:35:42,1,1,63,false
443,2023-05-09 20:06:56,5,12,95,true
444,2024-01-04 03:47:39,3,8,51,false
445,2022-11-30 05:18:08,2,1,7,true
446,2022-07-27 00:18:02,5,3,81,true
447,2024-05-21 23:47:19,1,5,65,true
448,2024-01-28 16:23:04,4,10,86,true
449,2023-08-26 07:28:51,,9,29,true
450,2023-11-24 11:49:45,5,11,91,false
451,2023-02-02 01:48:40,4,12,98,true
452,2024-08-20 14:38:58,2,4,100,false
453,2022-06-26 17:54:23,,5,63,true
454,2023-08-25 21:40:35,4,8,95,true
455,2024-06-24 04:36:29,,10,100,true
456,2024-07-15 21:07:14,2,12,29,true
457,2022-07-03 02:24:07,5,4,88,false
458,2023-09-15 06:30:04,3,14,32,true
459,2024-08-23 23:26:16,1,11,91,true
460,2023-09-12 05:55:27,4,2,8,false
461,2023-01-24 15:58:57,1,12,67,true
462,2023-05-20 03:18:40,1,8,17,false
463,2023-11-19 10:17:51,4,13,83,true
464,2024-06-04 02:00:05,4,1,2,true
465,2023-02-24 15:21:01,3,7,1,true
466,2023-11-01 10:46:57,1,3,39,true
467,2024-07-19 07:20:38,,11,82,true
468,2023-07-05 16:19:32,3,7,40,false
469,2022-08-23 15:13:40,,8,97,true
470,2024-06-27 22:58:15,1,11,33,true
471,2024-07-17 08:25:32,,4,10,false
472,2022-12-26 03:45:37,4,10,14,false
473,2024-02-18 07:29:58,5,4,63,true
474,2022-11-22 12:10:23,5,12,89,true
475,2022-07-17 03:37:41,4,5,23,false
476,2023-08-25 08:58:07,,5,4,true
477,2023-05-05 12:56:27,4,5,49,false
478,2024-07-13 08:26:58,1,9,7,false
479,2022-11-20 23:40:24,4,14,95,true
480,2022-12-13 09:41:58,,12,93,false
481,2023-06-22 04:36:10,4,3,93,false
482,2023-07-13 19:01:00,4,2,71,false
483,2024-02-24 12:43:47,5,4,39,true
484,2022-11-05 10:51:26,2,9,81,false
485,2023-08-05 18:55:35,5,8,81,false
486,2023-04-16 13:12:50,3,1,62,true
487,2022-12-17 16:43:07,3,13,12,false
488,2023-05-17 08:02:57,4,14,34,true
489,2024-07-26 06:06:17,,6,92,true
490,2024-04-24 22:53:25,4,6,83,true
491,2022-08-09 23:56:09,,7,69,true
492,2023-06-24 02:40:14,3,6,66,true
493,2024-07-31 23:22:53,,6,81,false
494,2023-12-06 10:15:50,3,10,69,false
495,2024-02-21 19:58:35,5,1,14,false
496,2023-10-10 13:57:38,3,12,36,true
497,2024-02-27 10:07:14,1,2,22,false
498,2022-12-05 09:16:57,,10,28,false
499,2022-12-05 13:41:35,1,11,2,true
500,2022-05-18 19:54:38,1,1,94,false
501,2023-10-08 13:47:35,3,9,19,true
502,2023-09-13 21:57:32,5,5,62,false
503,2022-06-06 18:43:15,3,2,39,true
504,2024-03-17 23:39:27,4,9,37,true
505,2024-07-18 07:30:21,3,5,82,true
506,2024-01-24 06:28:13,,6,77,false
507,2024-05-08 01:56:17,,9,54,true
508,2022-06-26 01:40:46,2,4,36,false
509,2023-12-30 01:41:51,2,1,76,false
510,2022-08-18 04:43:21,1,10,41,true
511,2022-08-17 04:04:16,,3,61,true
512,2023-07-24 01:46:52,5,5,3,true
513,2022-11-30 06:40:45,5,10,82,true
514,2022-09-29 18:47:54,,6,92,false
515,2024-05-31 19:49:27,2,11,67,true
516,2023-01-29 18:14:52,2,12,51,false
517,2024-01-08 03:06:42,2,12,38,true
518,2023-03-03 12:18:27,1,2,100,true
519,2024-07-12 00:53:16,1,4,26,true
520,2023-04-20 15:03:34,,2,12,false
521,2024-04-21 22:26:56,4,8,99,false
522,2022-12-19 11:53:29,2,5,86,false
523,2024-03-18 11:59:15,3,7,75,false
524,2023-05-13 21:13:47,,5,12,true
525,2023-10-25 14:39:54,5,10,98,false
526,2024-03-07 23:16:20,4,8,28,false
527,2022-07-29 07:10:02,2,12,18,true
528,2022-10-07 16:48:03,4,8,15,true
529,2023-01-22 11:46:04,4,5,85,false
530,2022-11-02 13:44:44,1,2,31,true
531,2022-10-08 03:03:36,5,4,85,false
532,2023-01-28 00:04:17,5,7,80,true
533,2023-01-08 19:28:00,,14,37,false
534,2024-04-11 04:40:46,5,11,74,false
535,2024-01-07 09:32:55,4,13,42,false
536,2024-04-29 02:08:10,4,3,79,true
537,2024-05-28 11:15:05,1,4,31,false
538,2024-06-13 09:25:58,,6,53,true
539,2024-09-02 08:30:03,4,1,63,false
540,2024-02-27 03:59:18,4,3,53,true
541,2022-11-28 09:57:23,4,1,85,true
542,2024-05-06 05:49:30,2,13,47,true
543,2023-11-25 11:33:51,3,8,49,true
544,2022-07-29 02:46:26,5,5,21,false
545,2024-07-20 04:20:38,,12,41,true
546,2022-12-16 15:41:47,4,2,33,false
547,2022-10-12 06:48:57,3,12,26,true
548,2023-11-08 15:28:52,3,2,62,true
549,2022-08-09 21:45:34,4,13,4,false
550,2024-02-14 10:45:52,4,5,100,false
551,2023-07-19 03:48:32,5,12,16,true
552,2024-01-03 02:03:18,,6,6,false
553,2024-08-16 15:11:32,5,11,7,true
554,2024-01-26 10:49:35,1,5,27,false
555,2024-01-03 07:21:32,2,13,30,true
556,2022-11-15 15:16:15,3,13,63,false
557,2023-08-11 07:53:08,3,6,60,false
558,2023-09-06 15:00:41,3,9,100,true
559,2022-07-26 12:31:07,,13,7,false
560,2022-06-19 02:43:20,3,11,78,true
561,2022-11-23 04:43:45,,9,75,true
562,2022-12-13 19:33:51,,12,88,true
563,2023-07-20 04:25:12,3,9,21,true
564,2022-12-13 22:15:06,3,4,70,true
565,2024-07-05 07:56:40,4,2,85,false
566,2024-01-21 06:21:38,2,2,17,true
567,2022-06-10 16:58:42,3,4,9,false
568,2022-12-02 17:47:05,4,7,94,false
569,2023-12-05 06:21:55,,13,84,true
570,2024-02-01 19:31:44,2,7,42,false
571,2023-10-13 01:32:34,4,6,57,true
572,2024-03-16 10:57:03,4,14,100,false
573,2022-08-28 10:10:04,5,11,52,false
574,2022-12-26 00:03:49,3,10,59,false
575,2023-10-04 05:40:32,3,2,15,true
576,2022-12-17 22:56:36,2,12,16,false
577,2023-07-14 14:22:20,5,7,39,true
578,2022-05-29 21:10:45,,6,1,false
579,2022-05-26 06:39:32,1,12,96,false
580,2023-08-20 21:34:45,3,14,5,false
581,2023-06-09 19:43:08,5,14,75,true
582,2023-05-08 22:18:37,1,5,37,false
583,2023-06-26 20:51:53,1,2,76,false
584,2023-08-31 10:53:12,,2,71,false
585,2022-11-24 03:23:16,,5,30,true
586,2023-08-07 12:35:56,3,5,3,false
587,2023-04-14 05:27:41,4,4,77,false
588,2024-08-20 02:58:31,3,4,13,false
589,2024-02-08 23:28:16,3,8,28,true
590,2023-08-15 07:53:37,1,14,93,false
591,2022-06-13 01:12:08,1,5,84,false
592,2022-12-07 11:57:42,3,9,81,false
593,2022-09-13 16:37:30,2,13,13,false
594,2024-04-24 04:04:51,3,8,50,true
595,2024-05-17 07:17:34,3,5,38,true
596,2023-06-23 10:10:20,2,5,81,false
597,2022-10-05 18:14:22,1,7,88,false
598,2024-06-17 00:24:47,3,12,97,false
599,2022-09-25 09:48:00,2,7,98,true
600,2022-11-08 05:02:25,3,10,84,true
601,2023-04-02 20:21:27,,12,2,true
602,2024-09-02 09:25:28,5,8,54,false
603,2023-06-20 22:35:23,,6,32,true
604,2023-06-16 15:53:40,5,13,39,true
605,2023-06-03 08:55:34,2,4,31,true
606,2023-10-15 07:03:07,5,5,22,false
607,2024-08-02 14:13:32,2,1,29,false
608,2023-02-24 15:48:04,,9,94,false
609,2024-09-07 01:13:01,5,8,19,true
610,2024-05-29 05:51:22,3,8,49,true
611,2024-06-15 03:29:30,5,3,39,false
612,2024-02-22 11:23:43,5,9,67,false
613,2022-08-01 14:37:09,5,2,31,true
614,2024-03-30 03:59:17,4,7,90,true
615,2024-07-02 15:51:53,,9,96,false
616,2023-12-21 08:24:12,5,10,28,false
617,2023-08-23 02:29:39,4,9,27,true
618,2024-01-21 23:02:28,2,13,87,false
619,2022-11-05 10:51:08,3,8,65,false
620,2023-09-14 12:15:56,2,1,94,false
621,2023-09-13 10:57:11,1,9,58,true
622,2024-04-28 23:53:34,5,7,13,true
623,2023-04-18 15:33:25,3,12,86,true
624,2024-05-29 09:27:36,4,12,23,true
625,2022-10-03 06:40:06,5,14,5,false
626,2024-08-02 21:16:16,3,5,15,false
627,2023-02-22 15:45:48,2,6,45,true
628,2023-02-28 08:10:46,3,5,88,true
629,2023-02-13 20:47:08,5,10,50,false
630,2023-06-14 14:45:59,1,6,1,true
631,2023-04-01 20:14:36,3,9,54,true
632,2023-02-26 16:34:02,3,5,15,false
633,2022-06-05 17:19:37,4,8,32,true
634,2024-08-22 00:15:57,4,3,51,false
635,2023-11-07 17:48:15,,9,69,true
636,2022-08-16 02:52:58,,5,89,true
637,2023-04-07 01:58:51,2,3,27,false
638,2022-10-28 22:06:11,4,2,19,false
639,2023-04-23 15:16:59,2,3,64,false
640,2023-04-12 21:00:33,4,12,50,true
641,2024-07-30 20:16:49,4,11,73,false
642,2024-01-29 02:07:56,2,4,38,true
643,2023-10-11 23:16:27,4,9,94,true
644,2024-05-08 13:15:23,1,14,32,true
645,2022-10-10 10:14:28,,2,69,true
646,2023-12-12 10:06:11,,11,64,false
647,2022-06-16 12:34:39,2,8,46,true
648,2024-01-11 09:38:05,1,2,67,false
649,2023-08-31 12:38:34,1,14,1,true
650,2022-08-24 21:05:20,3,11,96,false
651,2024-06-26 15:08:20,3,5,44,false
652,2023-04-14 21:09:25,2,12,24,true
653,2023-07-19 17:33:25,1,11,47,true
654,2022-08-17 19:01:01,1,2,82,false
655,2023-05-29 15:45:38,3,4,71,true
656,2023-06-23 14:17:06,3,14,95,false
657,2022-05-17 19:19:17,,4,57,true
658,2024-05-29 04:26:56,2,11,49,false
659,2024-05-22 09:12:01,,10,54,true
660,2024-08-09 00:10:44,3,2,31,false
661,2023-06-24 22:38:10,5,14,4,true
662,2022-07-19 11:14:51,2,10,22,true
663,2023-11-26 16:41:07,4,6,69,true
664,2023-12-03 16:43:42,4,2,35,false
665,2024-07-09 01:48:53,2,4,83,false
666,2023-01-24 13:41:51,,13,60,false
667,2022-05-12 03:49:01,1,10,50,false
668,2024-03-17 23:04:19,5,14,17,false
669,2023-08-09 15:40:06,5,13,82,true
670,2022-09-23 22:11:51,5,7,29,true
671,2023-04-09 18:30:01,,11,10,true
672,2024-05-29 13:08:42,4,11,23,true
673,2023-10-02 00:02:46,3,2,73,false
674,2024-06-03 19:44:31,2,6,44,true
675,2023-11-07 10:39:25,,6,28,false
676,2024-01-21 03:46:46,2,10,49,false
677,2023-10-06 17:34:17,4,12,98,false
678,2022-10-22 10:55:48,1,2,46,false
679,2024-03-13 02:53:15,,5,10,true
680,2023-09-30 05:47:43,2,6,60,false
681,2022-10-23 11:53:18,,5,21,false
682,2024-08-16 02:18:43,4,14,88,true
683,2022-07-13 07:49:19,1,9,89,false
684,2024-01-03 02:21:31,4,6,54,false
685,2024-03-17 19:23:08,2,1,58,false
686,2023-07-19 18:55:28,3,13,33,false
687,2022-05-20 18:12:24,5,6,11,false
688,2024-03-25 09:16:37,,12,51,false
689,2023-05-08 01:07:39,3,10,82,true
690,2023-11-13 13:44:43,2,6,54,false
691,2023-07-21 12:53:05,2,6,27,false
692,2023-07-19 02:47:37,3,4,18,true
693,2023-12-25 22:37:31,5,14,83,true
694,2023-12-07 20:15:53,3,6,50,true
695,2024-03-13 06:32:21,5,9,19,false
696,2023-02-17 01:13:38,3,5,21,false
697,2024-07-18 05:56:12,3,5,77,false
698,2022-09-21 15:26:06,5,3,52,false
699,2024-07-05 07:06:46,3,8,71,false
700,2023-07-07 19:20:32,5,10,87,true
701,2023-04-16 12:08:01,2,13,33,false
702,2023-05-25 13:32:20,3,6,70,false
703,2023-05-06 14:18:37,3,1,3,false
704,2023-08-04 06:09:02,4,4,82,true
705,2024-04-11 04:00:28,3,5,60,true
706,2023-02-20 18:35:04,4,13,15,false
707,2022-10-13 16:54:12,,12,37,true
708,2023-09-15 22:33:23,1,7,17,true
709,2022-10-22 20:55:48,5,2,13,false
710,2023-04-01 05:53:11,,8,40,false
711,2022-06-25 12:50:44,3,10,54,true
712,2022-08-29 18:11:49,5,1,19,true
713,2023-04-04 06:46:56,5,12,54,false
714,2022-05-18 00:22:27,1,12,86,false
715,2024-07-23 05:07:29,4,13,25,true
716,2022-12-19 15:50:01,5,4,90,true
717,2022-06-30 16:16:37,,4,27,true
718,2023-09-06 00:29:39,1,1,5,true
719,2024-07-10 13:35:33,4,9,88,true
720,2024-07-24 18:46:42,2,4,49,true
721,2022-07-25 23:49:46,,5,90,false
722,2023-01-26 21:02:13,4,6,55,true
723,2022-09-11 13:11:08,3,11,10,false
724,2023-12-12 00:09:49,4,2,69,true
725,2022-09-03 17:38:06,2,13,52,false
726,2024-01-10 12:47:47,4,4,61,true
727,2022-09-29 21:50:51,4,3,76,true
728,2024-03-13 23:10:35,5,3,64,false
729,2023-08-18 04:24:51,,13,93,true
730,2023-04-08 15:41:22,5,7,61,true
731,2022-11-10 18:24:28,3,8,44,false
732,2024-09-03 01:54:19,4,13,5,false
733,2022-10-19 08:08:56,3,5,43,true
734,2024-03-09 12:12:21,1,8,88,true
735,2024-03-23 19:54:53,5,3,37,true
736,2022-07-16 05:50:48,,8,42,true
737,2023-11-07 09:58:09,1,10,69,true
738,2022-11-30 07:58:25,4,3,67,true
739,2024-07-29 17:11:01,,7,60,false
740,2022-08-09 05:24:29,,2,67,false
741,2023-07-09 15:08:15,3,6,68,false
742,2022-10-15 03:21:30,3,11,79,true
743,2023-01-22 19:58:43,1,8,3,false
744,2023-02-27 10:46:32,4,4,45,true
745,2024-04-01 12:39:56,5,14,35,false
746,2023-02-12 22:42:09,,7,3,false
747,2022-09-26 20:46:08,3,10,31,true
748,2024-07-31 10:47:21,4,12,12,true
749,2024-08-04 09:07:20,2,5,87,false
750,2023-12-02 10:15:01,1,7,91,false
751,2024-08-22 13:48:27,4,7,77,false
752,2023-11-11 18:30:05,4,12,3,false
753,2023-10-03 02:49:02,5,9,10,false
754,2024-07-23 11:47:36,,13,65,false
755,2023-06-23 04:23:54,5,9,78,false
756,2022-07-16 02:58:15,4,6,48,false
757,2023-12-17 16:05:40,3,3,78,true
758,2022-09-19 13:27:39,2,8,12,false
759,2023-08-12 23:24:15,2,3,53,false
760,2023-08-21 12:24:40,2,13,92,true
761,2022-09-09 17:15:55,5,2,97,false
762,2023-07-06 14:43:35,4,12,99,false
763,2023-03-08 00:29:36,1,13,89,true
764,2023-09-26 23:13:00,1,5,50,false
765,2024-05-13 10:09:37,1,12,13,false
766,2023-09-15 22:03:00,4,4,46,false
767,2023-08-25 16:40:16,2,10,96,true
768,2024-05-04 18:56:53,2,10,51,false
769,2023-10-01 09:51:53,1,9,77,true
770,2024-06-10 09:25:24,4,7,41,true
771,2023-02-22 23:38:20,3,9,94,false
772,2024-01-23 13:54:59,,5,13,true
773,2024-09-03 11:31:26,,2,6,true
774,2024-05-19 20:33:24,,4,88,false
775,2023-11-14 03:40:03,2,5,78,true
776,2023-03-13 05:54:13,4,5,55,true
777,2023-08-08 06:26:45,3,4,32,false
778,2022-06-10 04:48:14,3,5,38,false
779,2023-11-05 20:13:58,3,14,21,false
780,2023-01-08 08:03:00,3,3,28,false
781,2024-03-19 21:27:15,1,8,88,true
782,2023-06-25 07:00:29,1,10,90,false
783,2023-04-20 16:49:02,3,1,66,false
784,2022-06-07 18:03:55,4,5,35,true
785,2022-08-03 07:48:39,3,14,36,true
786,2023-07-12 10:25:02,1,6,42,true
787,2024-05-31 07:50:21,2,10,22,true
788,2022-10-28 03:10:05,,4,8,false
789,2022-07-22 01:14:42,,12,46,false
790,2023-05-10 08:02:12,3,11,43,false
791,2023-05-23 19:54:08,4,2,20,false
792,2024-01-01 14:23:50,4,1,44,false
793,2022-10-24 05:23:39,5,6,76,true
794,2023-03-23 01:29:04,5,11,5,false
795,2024-05-28 12:26:06,5,9,82,false
796,2022-10-11 22:18:30,5,14,19,true
797,2022-11-07 19:20:58,5,12,40,false
798,2024-08-22 16:36:30,,13,79,true
799,2023-07-02 14:47:23,5,5,48,false
800,2023-11-23 23:36:02,1,14,48,false
801,2024-02-19 10:49:36,3,4,83,true
802,2024-03-24 15:35:27,3,8,59,true
803,2022-05-24 10:40:02,3,11,1,false
804,2023-06-10 06:42:20,1,12,26,false
805,2022-09-03 19:28:33,1,13,95,false
806,2022-05-28 05:12:34,1,2,10,false
807,2022-11-01 11:08:09,,10,23,true
808,2022-10-04 21:37:40,2,10,54,false
809,2023-02-17 00:12:23,5,1,74,true
810,2024-01-12 09:20:03,3,2,80,false
811,2022-07-06 07:25:24,4,7,90,true
812,2024-05-31 15:13:38,,14,72,true
813,2022-05-29 02:40:35,4,2,73,true
814,2023-12-12 18:10:52,,9,50,false
815,2023-07-26 18:32:14,1,8,41,false
816,2022-06-11 13:10:05,1,3,82,false
817,2023-08-04 18:22:00,1,9,7,true
818,2022-05-14 16:53:17,,12,18,true
819,2022-10-25 19:43:59,5,2,24,false
820,2023-05-06 20:51:55,1,3,4,true
821,2023-08-31 23:00:32,,9,66,true
822,2023-12-15 03:53:43,1,8,69,true
823,2024-02-11 12:09:55,2,3,18,false
824,2022-08-02 03:09:38,2,1,37,true
825,2024-03-10 05:06:52,2,5,42,false
826,2024-08-03 10:51:15,5,9,35,true
827,2023-12-29 07:48:54,,8,67,true
828,2024-05-09 14:41:24,4,14,90,false
829,2022-11-24 13:37:20,1,9,7,true
830,2024-04-16 06:02:27,1,3,66,true
831,2022-05-25 13:38:20,5,9,57,true
832,2022-09-03 22:02:47,1,1,89,true
833,2024-03-05 02:39:03,,10,29,false
834,2023-06-16 00:09:03,5,3,20,true
835,2022-09-29 18:10:02,1,2,92,true
836,2024-06-09 22:00:23,2,9,45,true
837,2023-01-22 08:53:16,,13,55,true
838,2023-08-31 03:45:41,3,8,59,false
839,2023-07-26 02:01:03,5,3,59,false
840,2024-06-10 08:16:55,5,4,55,true
841,2024-02-27 01:59:43,3,13,72,false
842,2024-08-24 08:17:37,1,3,79,true
843,2023-02-26 02:37:19,1,13,57,false
844,2023-06-29 23:54:51,3,5,54,false
845,2022-06-04 00:40:32,,7,80,true
846,2023-12-21 02:27:01,,3,93,false
847,2022-09-27 08:36:15,4,3,87,true
848,2022-11-01 02:03:24,3,9,5,true
849,2023-05-05 21:08:08,4,5,9,true
850,2022-06-13 14:18:25,4,4,74,false
851,2024-07-23 17:42:56,3,12,73,true
852,2022-11-18 02:25:21,,12,87,false
853,2024-06-20 10:43:31,,1,2,true
854,2024-03-26 14:04:14,5,2,76,false
855,2023-01-13 15:46:40,,10,47,false
856,2022-07-10 09:01:13,1,8,45,true
857,2022-06-15 06:55:52,,3,11,true
858,2024-01-14 00:21:22,,3,22,true
859,2022-11-24 06:44:37,2,7,68,false
860,2023-04-29 10:35:58,,4,34,true
861,2024-07-01 04:52:05,2,5,71,false
862,2023-10-03 21:26:41,5,14,89,false
863,2022-09-27 14:59:47,5,8,12,false
864,2023-11-27 18:52:41,2,13,100,false
865,2024-07-05 06:11:19,5,8,77,true
866,2023-06-21 16:43:02,4,10,44,false
867,2024-03-29 06:20:38,5,1,17,false
868,2022-09-17 20:24:29,,4,38,true
869,2023-05-02 08:00:08,,4,69,false
870,2023-02-27 11:30:28,2,7,79,true
871,2024-06-03 07:15:21,5,4,100,false
872,2022-07-02 03:02:41,2,12,49,true
873,2023-12-03 02:41:38,2,4,41,false
874,2024-08-12 22:39:36,4,11,56,false
875,2023-09-07 17:20:56,2,6,65,true
876,2023-07-29 09:45:49,4,4,8,true
877,2023-01-05 14:26:13,3,7,15,true
878,2022-11-27 12:20:01,4,11,90,false
879,2023-07-15 22:16:28,2,12,68,true
880,2024-05-29 06:19:52,5,12,13,true
881,2023-04-29 03:37:33,5,7,57,true
882,2023-06-03 16:23:01,,7,35,false
883,2024-02-24 17:05:27,1,13,33,true
884,2022-05-14 14:55:28,,9,20,false
885,2022-06-24 08:20:08,,13,55,true
886,2022-06-18 15:51:21,4,4,47,true
887,2023-02-13 21:57:12,1,11,33,false
888,2022-10-17 22:44:32,3,7,68,false
889,2024-03-10 23:28:40,,7,49,true
890,2022-09-10 09:23:45,4,5,39,false
891,2022-09-29 23:42:16,4,13,13,false
892,2022-08-02 09:36:46,2,12,75,false
893,2023-12-21 22:39:30,1,3,44,true
894,2022-09-01 19:06:28,,6,35,true
895,2023-01-20 10:07:24,5,9,44,false
896,2022-08-15 12:18:48,4,4,10,false
897,2023-09-30 03:10:09,,5,50,true
898,2024-04-10 03:40:55,1,6,24,false
899,2022-07-19 13:08:19,3,11,21,false
900,2023-03-28 11:31:55,4,9,34,true
901,2024-07-21 15:56:14,5,3,86,false
902,2023-09-14 22:02:07,1,1,96,true
903,2024-04-03 21:23:21,1,4,42,false
904,2023-02-07 00:16:37,5,11,95,true
905,2022-09-20 09:29:45,2,1,28,false
906,2024-06-29 12:57:18,3,4,3,true
907,2022-10-09 04:30:33,5,4,100,false
908,2024-07-13 10:56:16,1,6,92,false
909,2023-11-28 22:40:41,5,12,63,false
910,2022-11-12 19:24:28,3,7,4,true
911,2023-10-06 05:30:42,4,10,31,true
912,2023-11-24 13:57:57,5,10,74,true
913,2022-06-26 06:49:53,3,8,33,false
914,2024-05-28 04:26:41,,8,60,false
915,2024-03-05 23:15:24,1,5,69,true
916,2022-09-08 05:42:44,4,6,5,true
917,2023-04-28 02:05:55,5,13,8,false
918,2022-05-18 01:17:17,2,12,29,false
919,2023-02-01 13:24:45,2,12,25,true
920,2023-04-19 17:41:39,5,2,23,true
921,2023-02-10 18:22:51,4,9,33,true
922,2023-12-16 06:50:03,2,12,57,true
923,2023-10-29 00:17:58,,10,91,false
924,2024-08-11 22:08:36,,5,31,false
925,2023-10-07 18:26:06,5,1,93,true
926,2023-06-23 22:53:58,,7,57,false
927,2024-01-22 13:06:45,3,5,64,true
928,2022-07-13 02:15:52,2,1,51,true
929,2022-10-08 00:03:11,5,14,7,false
930,2023-04-12 05:20:30,,4,39,true
931,2023-12-20 07:06:39,,4,18,false
932,2022-12-08 18:53:38,,3,46,false
933,2023-12-31 07:10:20,5,2,56,true
934,2024-08-20 13:56:14,3,2,68,true
935,2024-04-04 22:36:31,2,4,11,false
936,2022-08-29 07:56:30,1,5,55,true
937,2023-08-06 10:14:08,,10,38,false
938,2024-06-22 20:17:49,3,8,4,false
939,2023-01-20 03:51:22,2,1,17,true
940,2024-04-18 02:55:02,4,10,54,true
941,2024-02-27 12:11:51,,4,53,true
942,2024-03-20 21:18:39,5,11,32,false
943,2022-10-08 06:04:58,5,1,70,true
944,2024-03-31 19:03:42,5,9,64,false
945,2024-07-20 18:58:15,1,10,4,false
946,2022-12-21 23:54:53,4,1,80,false
947,2023-06-11 15:14:43,4,9,42,true
948,2022-10-14 16:07:56,1,3,20,false
949,2024-09-02 19:55:34,,2,28,false
950,2022-07-28 07:42:01,2,11,69,false
951,2023-07-21 05:51:16,,3,86,true
952,2024-06-25 00:15:17,3,6,50,false
953,2023-12-20 07:06:17,2,14,87,true
954,2024-07-20 05:53:34,5,1,39,false
955,2022-10-11 19:04:44,2,12,23,false
956,2023-01-08 04:14:37,2,13,34,false
957,2023-08-20 02:37:48,4,14,44,false
958,2024-04-29 07:20:58,3,9,32,false
959,2022-09-01 19:19:50,3,2,31,true
960,2022-10-01 22:39:03,1,11,16,false
961,2023-04-04 00:42:07,3,13,46,true
962,2023-08-09 11:15:36,2,3,24,true
963,2024-08-04 21:46:22,3,12,96,false
964,2022-06-01 10:17:58,4,12,75,true
965,2024-01-20 01:19:41,1,3,95,false
966,2023-05-24 01:16:21,4,8,64,true
967,2023-03-08 05:43:22,,12,47,false
968,2023-03-31 05:39:55,2,9,38,false
969,2024-08-25 17:24:31,2,5,53,false
970,2024-07-21 00:21:38,5,1,8,true
971,2024-05-03 21:47:35,3,5,46,false
972,2022-11-02 20:05:27,3,13,39,false
973,2024-06-07 21:40:44,3,11,70,true
974,2024-06-30 07:00:25,4,6,10,false
975,2023-02-09 17:23:19,2,4,78,false
976,2024-03-02 20:52:44,,8,14,false
977,2024-06-11 19:05:57,4,14,31,true
978,2023-03-05 03:27:27,1,7,96,false
979,2024-03-18 15:12:55,5,9,54,false
980,2024-03-13 16:44:57,3,10,25,false
981,2024-02-05 04:48:01,4,10,72,true
982,2023-01-18 23:26:20,1,9,72,true
983,2023-10-03 04:59:10,,6,72,false
984,2022-06-22 14:24:23,1,2,5,false
985,2023-03-21 00:59:43,4,1,57,true
986,2024-08-10 18:28:26,2,13,47,true
987,2022-06-17 03:57:38,5,5,49,true
988,2023-05-29 01:21:04,1,1,87,false
989,2024-01-19 19:00:59,2,14,8,false
990,2022-10-04 16:14:24,3,7,76,true
991,2024-07-01 21:29:53,3,5,88,true
992,2024-01-23 02:28:23,5,8,74,true
993,2023-03-05 14:40:14,1,7,38,false
994,2023-11-03 12:16:23,3,7,92,false
995,2023-09-12 07:14:21,1,13,87,true
996,2024-06-20 14:38:04,,14,26,true
997,2024-03-23 02:12:18,1,10,31,false
998,2024-01-04 04:06:40,5,7,16,false
999,2023-04-21 23:39:40,,10,46,true
1000,2023-03-27 18:55:03,2,8,3,true
